date,total_count,avg_cb_price,pr75_price,pr90_price,avg_conversion_value,avg_premium_rate,count_conversion_value_ge_100,count_conversion_value_ge_120,count_premium_rate_gt_0,count_premium_rate_ge_50,count_premium_rate_ge_100,price_bin_lt95,price_bin_95_100,price_bin_100_105,price_bin_105_110,price_bin_110_120,price_bin_ge120
2026-07-19,376,134.64,133.0,202.0,106.81,39.3,128,92,357,106,31,21,54,85,28,46,142
2026-07-26,382,132.82,133.0,194.0,105.35,39.22,127,93,359,106,34,19,64,77,26,57,139
2026-08-02,377,126.87,124.1,178.0,95.45,46.29,112,66,354,137,41,21,70,73,36,60,117
2026-08-09,381,130.92,130.05,197.0,105.5,37.69,127,88,357,103,33,19,69,69,31,60,133
2026-08-16,379,130.96,131.0,194.0,106.86,36.91,127,92,344,97,33,22,55,81,32,57,132
2026-08-23,383,130.04,130.0,188.0,105.8,37.01,128,90,350,100,32,22,59,78,36,59,129
2026-08-30,384,130.18,129.2,186.0,107.78,34.9,136,91,327,91,33,22,59,74,37,58,134
2026-09-06,381,130.04,131.5,188.0,106.8,36.09,137,90,337,98,32,18,62,73,42,53,133
2026-09-13,384,129.37,128.35,183.0,103.42,39.91,123,86,356,104,33,19,66,76,43,48,132
